18,0.75,Polish_A-SL,History-HL,Physics-HL,SSSTS-SL
14,0.67,Polish_A-SL,English_A-HL,Physics-HL
18,0.67,Polish_A-SL,Spanish_B-AB,SSSTS-SL
14,0.67,Polish_A-SL,Physics-HL,Psychology-HL
16,0.5,Polish_A-SL,Physics-SL,Psychology-HL
16,0.5,Polish_A-SL,English_A-HL,Physics-SL
13,0.5,Polish_A-SL,History-HL,Physics-SL
17,0.67,English_B-HL,History-HL,Physics-HL
20,0.67,English_B-HL,English_A-HL,Physics-HL
26,0.5,English_B-HL,English_A-SL
17,0.5,English_B-HL,Spanish_B-AB
21,0.78,BM-HL,Physics-SL,Psychology-SL
16,0.67,BM-HL,Physics-SL,Spanish_B-HL
24,0.67,BM-HL,TOK-2
19,0.67,BM-HL,Physics-HL,Psychology-SL
19,0.67,BM-HL,Physics-SL,Psychology-HL
17,0.55,BM-HL,Physics-HL,Psychology-HL
14,0.55,BM-HL,Physics-HL,Spanish_B-HL
24,1,Chemistry-SL,Geography-SL,History-SL
24,1,Chemistry-SL,Computer_Science-SL,ESS-SL
22,0.83,Chemistry-SL,Computer_Science-HL,ESS-SL
23,0.83,Chemistry-SL,Geography-SL,History-HL
23,0.83,Chemistry-SL,Geography-HL,History-SL
18,0.67,Chemistry-SL,Computer_Science-HL,English_A-HL
24,0.67,Chemistry-SL,Computer_Science-HL,Geography-HL
22,0.67,Chemistry-SL,Geography-HL,History-HL
18,0.84,Math_AA-HL,ESS-SL
14,0.67,Math_AA-HL,Psychology-HL
21,0.67,Math_AA-HL,Math_AA-SL,Spanish_B-HL
22,0.59,Math_AA-HL,EE-1
22,0.59,Math_AA-HL,CAS-1
16,0.55,Math_AA-HL,English_A-HL,Spanish_B-HL
13,0.55,Math_AA-HL,History-HL,Spanish_B-HL
13,0.8,German_B-SL,Computer_Science-HL,English_A-HL,Physics-HL,Spanish_B-HL
13,0.8,German_B-SL,History-HL,Physics-HL,Spanish_B-HL,SSSTS-SL
18,0.8,German_B-SL,History-HL,Physics-HL,Spanish_B-SL+HL,SSSTS-SL
15,0.75,German_B-SL,Biology-SL,History-SL,Physics-SL
21,0.75,German_B-SL,Math_AA-SL,Math_AI-SL,Physics-SL
24,0.75,German_B-SL,Chemistry-HL,Computer_Science-HL,Geography-HL
18,0.75,German_B-SL,Chemistry-HL,Computer_Science-HL,English_A-HL
11,0.75,German_B-SL,Computer_Science-HL,Physics-HL,Psychology-HL
15,0.75,German_B-SL,Geography-HL,History-HL,Physics-HL
19,0.75,German_B-SL,Geography-SL,History-SL,Physics-SL
22,0.75,German_B-SL,Chemistry-HL,Geography-HL,History-HL
17,0.75,German_B-SL,Computer_Science-HL,Geography-HL,Physics-HL
18,0.75,German_B-SL,Biology-SL,Computer_Science-SL,Physics-SL
19,0.75,German_B-SL,Computer_Science-SL,ESS-SL,Physics-SL
14,0.67,German_B-SL,BM-SL,Math_AI-SL
18,0.67,German_B-SL,Spanish_B-AB+SL+HL,SSSTS-SL
16,0.67,German_B-SL,BM-SL,ESS-SL
14,0.67,German_B-SL,BM-SL,Psychology-SL
17,0.63,German_B-SL,Geography-SL,History-SL,Physics-HL
19,0.63,German_B-SL,Math_AA-SL,Math_AI-SL,Physics-HL
16,0.63,German_B-SL,Math_AA-SL,Physics-SL,Spanish_B-HL
14,0.63,German_B-SL,History-SL,Physics-SL,Spanish_B-SL+HL
18,0.63,German_B-SL,Biology-SL,Computer_Science-SL,Spanish_B-AB
14,0.63,German_B-SL,Biology-SL,History-HL,Physics-SL
17,0.63,German_B-SL,Computer_Science-HL,ESS-SL,Physics-SL
21,0.63,German_B-SL,BM-SL,Geography-SL,History-HL
15,0.63,German_B-SL,Computer_Science-HL,Physics-SL,Psychology-SL
17,0.63,German_B-SL,Computer_Science-SL,ESS-SL,Physics-HL
24,0.63,German_B-SL,Chemistry-HL,Geography-SL,History-SL
9,0.63,German_B-SL,History-SL,Physics-SL,Spanish_B-HL
24,0.63,German_B-SL,Chemistry-HL,Computer_Science-SL,ESS-SL
18,0.63,German_B-SL,Geography-HL,History-SL,Physics-SL
18,0.63,German_B-SL,Geography-SL,History-HL,Physics-SL
16,0.63,German_B-SL,Biology-SL,Computer_Science-SL,Physics-HL
13,0.63,German_B-SL,Biology-SL,History-SL,Physics-HL
12,0.63,German_B-SL,Computer_Science-SL,Physics-SL,Spanish_B-HL
21,0.6,German_B-SL,Biology-SL,Computer_Science-HL,English_A-HL,Physics-SL
16,0.59,German_B-SL,Biology-HL,Computer_Science-SL,Physics-SL
19,0.5,German_B-SL,History-SL,Physics-HL,Spanish_B-SL+HL,SSSTS-SL
14,0.5,German_B-SL,TOK-2
20,0.5,German_B-SL,BM-SL,Geography-HL,History-HL
14,0.5,German_B-SL,Biology-HL,Computer_Science-SL,Physics-HL
13,0.5,German_B-SL,English_A-SL
13,0.5,German_B-SL,Computer_Science-HL,Physics-SL,Psychology-HL
16,0.5,German_B-SL,Geography-HL,History-SL,Physics-HL
22,0.5,German_B-SL,Chemistry-HL,Computer_Science-HL,ESS-SL
16,0.5,German_B-SL,Biology-SL,Computer_Science-HL,Spanish_B-AB
19,0.5,German_B-SL,Biology-SL,Computer_Science-HL,English_A-HL,Physics-HL
14,0.5,German_B-SL,BM-SL,English_A-HL,Spanish_B-HL
13,0.5,German_B-SL,Computer_Science-HL,Physics-HL,Psychology-SL
16,0.5,German_B-SL,Biology-HL,Computer_Science-SL,Spanish_B-AB
15,0.5,German_B-SL,Computer_Science-HL,ESS-SL,Physics-HL
15,0.5,German_B-SL,CAS-1,Physics-HL
14,0.5,German_B-SL,Math_AA-SL,Physics-HL,Spanish_B-HL
12,0.5,German_B-SL,BM-SL,Psychology-HL
15,0.5,German_B-SL,Computer_Science-HL,English_A-HL,Physics-SL,Spanish_B-HL
15,0.5,German_B-SL,EE-1,Physics-HL
23,0.5,German_B-SL,Chemistry-HL,Geography-HL,History-SL
16,0.5,German_B-SL,Geography-SL,History-HL,Physics-HL
12,0.5,German_B-SL,Biology-SL,History-HL,Physics-HL
14,0.5,German_B-SL,History-SL,Physics-HL,Spanish_B-HL,SSSTS-SL
19,0.5,German_B-SL,Computer_Science-HL,Geography-HL,Physics-SL
17,0.5,German_B-SL,Geography-HL,History-HL,Physics-SL
23,0.5,German_B-SL,Chemistry-HL,Geography-SL,History-HL
11,0.5,German_B-SL,BM-SL,History-HL,Spanish_B-HL
8,0.5,German_B-SL,History-HL,Physics-SL,Spanish_B-HL
12,0.5,German_B-SL,Biology-HL,History-HL,Physics-SL
13,0.5,German_B-SL,History-HL,Physics-SL,Spanish_B-SL+HL
10,0.5,German_B-SL,Computer_Science-SL,Physics-HL,Spanish_B-HL
19,0.47,German_B-SL,Biology-HL,Computer_Science-HL,English_A-HL,Physics-SL
18,0.47,German_B-SL,Biology-HL,History-SL,Physics-HL,SSSTS-SL
20,0.42,German_B-SL,BM-SL,CAS-1
17,0.42,German_B-SL,CAS-1,Physics-SL
14,0.42,German_B-SL,Biology-HL,Computer_Science-HL,Spanish_B-AB
20,0.42,German_B-SL,BM-SL,EE-1
17,0.42,German_B-SL,EE-1,Physics-SL
17,0.42,German_B-SL,Biology-HL,Spanish_B-AB,SSSTS-SL
17,0.4,German_B-SL,Biology-HL,Computer_Science-HL,English_A-HL,Physics-HL
17,0.4,German_B-SL,Biology-HL,History-HL,Physics-HL,SSSTS-SL
26,1,TOK-1,TOK-2
14,1,TOK-1,Physics-HL
19,0.75,TOK-1,BM-SL
16,0.75,TOK-1,Physics-SL
26,1,CAS-2,EE-1
15,0.75,CAS-2,Spanish_B-HL
20,0.63,CAS-2,Math_AI-SL
26,1,EE-2,CAS-1
15,0.75,EE-2,Spanish_B-HL
20,0.63,EE-2,Math_AI-SL
21,0.8,English_A-HL,Biology-SL,Computer_Science-HL,German_B-AB+SL,Physics-SL
13,0.8,English_A-HL,Computer_Science-HL,German_B-SL,Physics-HL,Spanish_B-HL
18,0.75,English_A-HL,Chemistry-HL,Computer_Science-HL,German_B-SL
19,0.7,English_A-HL,Biology-SL,Computer_Science-HL,German_B-AB+SL,Physics-HL
15,0.7,English_A-HL,Computer_Science-HL,German_B-AB+SL,Physics-SL,Spanish_B-HL
18,0.67,English_A-HL,Chemistry-SL,Computer_Science-HL
14,0.67,English_A-HL,Physics-HL,Polish_A-SL
20,0.67,English_A-HL,English_B-HL,Physics-HL
18,0.63,English_A-HL,Chemistry-HL,Computer_Science-HL,German_B-AB+SL
17,0.6,English_A-HL,BM-SL,German_B-AB,German_B-AB+SL,Spanish_B-HL
14,0.6,English_A-HL,German_B-AB,German_B-AB+SL,Physics-SL,Spanish_B-HL
19,0.6,English_A-HL,Biology-HL,Computer_Science-HL,German_B-AB+SL,Physics-SL
21,0.6,English_A-HL,Biology-SL,Computer_Science-HL,German_B-SL,Physics-SL
13,0.6,English_A-HL,Computer_Science-HL,German_B-AB+SL,Physics-HL,Spanish_B-HL
16,0.55,English_A-HL,Math_AA-HL,Spanish_B-HL
17,0.53,English_A-HL,Biology-HL,Computer_Science-HL,German_B-AB+SL,Physics-HL
12,0.5,English_A-HL,German_B-AB,German_B-AB+SL,Physics-HL,Spanish_B-HL
19,0.5,English_A-HL,Biology-SL,Computer_Science-HL,German_B-SL,Physics-HL
14,0.5,English_A-HL,BM-SL,German_B-SL,Spanish_B-HL
16,0.5,English_A-HL,Physics-SL,Polish_A-SL
15,0.5,English_A-HL,Computer_Science-HL,German_B-SL,Physics-SL,Spanish_B-HL
19,0.47,English_A-HL,Biology-HL,Computer_Science-HL,German_B-SL,Physics-SL
17,0.4,English_A-HL,Biology-HL,Computer_Science-HL,German_B-SL,Physics-HL
18,0.88,Spanish_B-AB,Biology-SL,Computer_Science-SL,German_B-AB+SL
16,0.75,Spanish_B-AB,Biology-SL,Computer_Science-HL,German_B-AB+SL
18,0.67,Spanish_B-AB,Polish_A-SL,SSSTS-SL
16,0.67,Spanish_B-AB,Biology-HL,Computer_Science-SL,German_B-AB+SL
18,0.63,Spanish_B-AB,Biology-SL,Computer_Science-SL,German_B-SL
14,0.58,Spanish_B-AB,Biology-HL,Computer_Science-HL,German_B-AB+SL
17,0.58,Spanish_B-AB,Biology-HL,German_B-AB+SL,SSSTS-SL
17,0.5,Spanish_B-AB,English_B-HL
14,0.5,Spanish_B-AB,German_B-AB,German_B-AB+SL,SSSTS-SL
16,0.5,Spanish_B-AB,German_B-AB+SL,Spanish_B-SL,SSSTS-SL
16,0.5,Spanish_B-AB,Biology-HL,Computer_Science-SL,German_B-SL
16,0.5,Spanish_B-AB,Biology-SL,Computer_Science-HL,German_B-SL
14,0.42,Spanish_B-AB,Biology-HL,Computer_Science-HL,German_B-SL
17,0.42,Spanish_B-AB,Biology-HL,German_B-SL,SSSTS-SL
21,0.88,History-HL,BM-SL,Geography-SL,German_B-AB+SL
14,0.88,History-HL,Biology-SL,German_B-AB+SL,Physics-SL
18,0.88,History-HL,Geography-SL,German_B-AB+SL,Physics-SL
23,0.83,History-HL,Chemistry-SL,Geography-SL
13,0.8,History-HL,German_B-SL,Physics-HL,Spanish_B-HL,SSSTS-SL
18,0.8,History-HL,German_B-SL,Physics-HL,Spanish_B-SL+HL,SSSTS-SL
20,0.75,History-HL,BM-SL,Geography-HL,German_B-AB+SL
12,0.75,History-HL,Biology-SL,German_B-AB+SL,Physics-HL
18,0.75,History-HL,Physics-HL,Polish_A-SL,SSSTS-SL
22,0.75,History-HL,Chemistry-HL,Geography-HL,German_B-SL
11,0.75,History-HL,BM-SL,German_B-AB+SL,Spanish_B-HL
17,0.75,History-HL,Geography-HL,German_B-AB+SL,Physics-SL
13,0.75,History-HL,German_B-AB+SL,Physics-SL,Spanish_B-SL+HL
23,0.75,History-HL,Chemistry-HL,Geography-SL,German_B-AB+SL
16,0.75,History-HL,Geography-SL,German_B-AB+SL,Physics-HL
15,0.75,History-HL,Geography-HL,German_B-SL,Physics-HL
17,0.67,History-HL,English_B-HL,Physics-HL
22,0.67,History-HL,Chemistry-SL,Geography-HL
12,0.67,History-HL,Biology-HL,German_B-AB+SL,Physics-SL
18,0.63,History-HL,Geography-SL,German_B-SL,Physics-SL
22,0.63,History-HL,Chemistry-HL,Geography-HL,German_B-AB+SL
14,0.63,History-HL,Biology-SL,German_B-SL,Physics-SL
15,0.63,History-HL,Geography-HL,German_B-AB+SL,Physics-HL
21,0.63,History-HL,BM-SL,Geography-SL,German_B-SL
13,0.6,History-HL,German_B-AB+SL,Physics-SL,Spanish_B-HL,Spanish_B-SL
18,0.6,History-HL,German_B-AB+SL,Physics-HL,Spanish_B-SL+HL,SSSTS-SL
13,0.55,History-HL,Math_AA-HL,Spanish_B-HL
17,0.53,History-HL,Biology-HL,German_B-AB+SL,Physics-HL,SSSTS-SL
20,0.5,History-HL,BM-SL,Geography-HL,German_B-SL
11,0.5,History-HL,BM-SL,German_B-SL,Spanish_B-HL
18,0.5,History-HL,German_B-AB+SL,Physics-HL,Spanish_B-HL,Spanish_B-SL,SSSTS-SL
13,0.5,History-HL,German_B-SL,Physics-SL,Spanish_B-SL+HL
12,0.5,History-HL,Biology-HL,German_B-SL,Physics-SL
8,0.5,History-HL,German_B-SL,Physics-SL,Spanish_B-HL
17,0.5,History-HL,Geography-HL,German_B-SL,Physics-SL
12,0.5,History-HL,Biology-SL,German_B-SL,Physics-HL
13,0.5,History-HL,Physics-SL,Polish_A-SL
23,0.5,History-HL,Chemistry-HL,Geography-SL,German_B-SL
16,0.5,History-HL,Geography-SL,German_B-SL,Physics-HL
17,0.4,History-HL,Biology-HL,German_B-SL,Physics-HL,SSSTS-SL
24,1,ESS-SL,Chemistry-SL,Computer_Science-SL
19,1,ESS-SL,Computer_Science-SL,German_B-AB+SL,Physics-SL
17,0.88,ESS-SL,Computer_Science-SL,German_B-AB+SL,Physics-HL
24,0.88,ESS-SL,Chemistry-HL,Computer_Science-SL,German_B-AB+SL
17,0.88,ESS-SL,Computer_Science-HL,German_B-AB+SL,Physics-SL
18,0.84,ESS-SL,Math_AA-HL
22,0.83,ESS-SL,Chemistry-SL,Computer_Science-HL
19,0.75,ESS-SL,Computer_Science-SL,German_B-SL,Physics-SL
16,0.75,ESS-SL,German_B-AB,German_B-AB+SL,Physics-SL
19,0.75,ESS-SL,BM-SL,German_B-AB,German_B-AB+SL
15,0.75,ESS-SL,Computer_Science-HL,German_B-AB+SL,Physics-HL
22,0.75,ESS-SL,Chemistry-HL,Computer_Science-HL,German_B-AB+SL
16,0.67,ESS-SL,BM-SL,German_B-SL
14,0.63,ESS-SL,German_B-AB,German_B-AB+SL,Physics-HL
24,0.63,ESS-SL,Chemistry-HL,Computer_Science-SL,German_B-SL
17,0.63,ESS-SL,Computer_Science-SL,German_B-SL,Physics-HL
17,0.63,ESS-SL,Computer_Science-HL,German_B-SL,Physics-SL
22,0.5,ESS-SL,Chemistry-HL,Computer_Science-HL,German_B-SL
15,0.5,ESS-SL,Computer_Science-HL,German_B-SL,Physics-HL
21,1,Math_AA-SL,German_B-AB+SL,Math_AI-SL,Physics-SL
16,0.88,Math_AA-SL,German_B-AB+SL,Physics-SL,Spanish_B-HL
19,0.88,Math_AA-SL,German_B-AB+SL,Math_AI-SL,Physics-HL
21,0.75,Math_AA-SL,German_B-SL,Math_AI-SL,Physics-SL
14,0.75,Math_AA-SL,German_B-AB+SL,Physics-HL,Spanish_B-HL
21,0.67,Math_AA-SL,Math_AA-HL,Spanish_B-HL
16,0.63,Math_AA-SL,German_B-SL,Physics-SL,Spanish_B-HL
19,0.63,Math_AA-SL,German_B-SL,Math_AI-SL,Physics-HL
14,0.5,Math_AA-SL,German_B-SL,Physics-HL,Spanish_B-HL
11,0.75,Psychology-HL,Computer_Science-HL,German_B-SL,Physics-HL
13,0.75,Psychology-HL,Computer_Science-HL,German_B-AB+SL,Physics-SL
19,0.67,Psychology-HL,BM-HL,Physics-SL
14,0.67,Psychology-HL,Math_AA-HL
14,0.67,Psychology-HL,Physics-HL,Polish_A-SL
12,0.63,Psychology-HL,German_B-AB,German_B-AB+SL,Physics-SL
11,0.63,Psychology-HL,Computer_Science-HL,German_B-AB+SL,Physics-HL
15,0.63,Psychology-HL,BM-SL,German_B-AB,German_B-AB+SL
17,0.55,Psychology-HL,BM-HL,Physics-HL
13,0.5,Psychology-HL,Computer_Science-HL,German_B-SL,Physics-SL
12,0.5,Psychology-HL,BM-SL,German_B-SL
10,0.5,Psychology-HL,German_B-AB,German_B-AB+SL,Physics-HL
16,0.5,Psychology-HL,Physics-SL,Polish_A-SL
26,1,TOK-2,TOK-1
14,0.75,TOK-2,German_B-AB+SL
24,0.67,TOK-2,BM-HL
14,0.5,TOK-2,German_B-SL
17,0.88,Computer_Science-HL,ESS-SL,German_B-AB+SL,Physics-SL
15,0.88,Computer_Science-HL,German_B-AB+SL,Physics-SL,Psychology-SL
22,0.83,Computer_Science-HL,Chemistry-SL,ESS-SL
13,0.8,Computer_Science-HL,English_A-HL,German_B-SL,Physics-HL,Spanish_B-HL
21,0.8,Computer_Science-HL,Biology-SL,English_A-HL,German_B-AB+SL,Physics-SL
19,0.75,Computer_Science-HL,Geography-HL,German_B-AB+SL,Physics-SL
24,0.75,Computer_Science-HL,Chemistry-HL,Geography-HL,German_B-SL
17,0.75,Computer_Science-HL,Geography-HL,German_B-SL,Physics-HL
16,0.75,Computer_Science-HL,Biology-SL,German_B-AB+SL,Spanish_B-AB
13,0.75,Computer_Science-HL,German_B-AB+SL,Physics-SL,Psychology-HL
22,0.75,Computer_Science-HL,Chemistry-HL,ESS-SL,German_B-AB+SL
15,0.75,Computer_Science-HL,ESS-SL,German_B-AB+SL,Physics-HL
18,0.75,Computer_Science-HL,Chemistry-HL,English_A-HL,German_B-SL
11,0.75,Computer_Science-HL,German_B-SL,Physics-HL,Psychology-HL
13,0.75,Computer_Science-HL,German_B-AB+SL,Physics-HL,Psychology-SL
15,0.7,Computer_Science-HL,English_A-HL,German_B-AB+SL,Physics-SL,Spanish_B-HL
19,0.7,Computer_Science-HL,Biology-SL,English_A-HL,German_B-AB+SL,Physics-HL
24,0.67,Computer_Science-HL,Chemistry-SL,Geography-HL
18,0.67,Computer_Science-HL,Chemistry-SL,English_A-HL
17,0.63,Computer_Science-HL,ESS-SL,German_B-SL,Physics-SL
15,0.63,Computer_Science-HL,German_B-SL,Physics-SL,Psychology-SL
11,0.63,Computer_Science-HL,German_B-AB+SL,Physics-HL,Psychology-HL
24,0.63,Computer_Science-HL,Chemistry-HL,Geography-HL,German_B-AB+SL
18,0.63,Computer_Science-HL,Chemistry-HL,English_A-HL,German_B-AB+SL
17,0.63,Computer_Science-HL,Geography-HL,German_B-AB+SL,Physics-HL
13,0.6,Computer_Science-HL,English_A-HL,German_B-AB+SL,Physics-HL,Spanish_B-HL
21,0.6,Computer_Science-HL,Biology-SL,English_A-HL,German_B-SL,Physics-SL
19,0.6,Computer_Science-HL,Biology-HL,English_A-HL,German_B-AB+SL,Physics-SL
14,0.58,Computer_Science-HL,Biology-HL,German_B-AB+SL,Spanish_B-AB
17,0.53,Computer_Science-HL,Biology-HL,English_A-HL,German_B-AB+SL,Physics-HL
16,0.5,Computer_Science-HL,Biology-SL,German_B-SL,Spanish_B-AB
13,0.5,Computer_Science-HL,German_B-SL,Physics-SL,Psychology-HL
22,0.5,Computer_Science-HL,Chemistry-HL,ESS-SL,German_B-SL
19,0.5,Computer_Science-HL,Geography-HL,German_B-SL,Physics-SL
15,0.5,Computer_Science-HL,ESS-SL,German_B-SL,Physics-HL
15,0.5,Computer_Science-HL,English_A-HL,German_B-SL,Physics-SL,Spanish_B-HL
13,0.5,Computer_Science-HL,German_B-SL,Physics-HL,Psychology-SL
19,0.5,Computer_Science-HL,Biology-SL,English_A-HL,German_B-SL,Physics-HL
19,0.47,Computer_Science-HL,Biology-HL,English_A-HL,German_B-SL,Physics-SL
14,0.42,Computer_Science-HL,Biology-HL,German_B-SL,Spanish_B-AB
17,0.4,Computer_Science-HL,Biology-HL,English_A-HL,German_B-SL,Physics-HL
14,0.7,Spanish_B-SL,German_B-AB+SL,History-SL,Physics-SL,Spanish_B-HL
13,0.6,Spanish_B-SL,German_B-AB+SL,History-HL,Physics-SL,Spanish_B-HL
19,0.58,Spanish_B-SL,German_B-AB+SL,History-SL,Physics-HL,Spanish_B-HL,SSSTS-SL
18,0.5,Spanish_B-SL,German_B-AB+SL,History-HL,Physics-HL,Spanish_B-HL,SSSTS-SL
16,0.5,Spanish_B-SL,German_B-AB+SL,Spanish_B-AB,SSSTS-SL
26,1,CAS-1,EE-2
17,0.75,CAS-1,German_B-AB+SL,Physics-SL
20,0.75,CAS-1,BM-SL,German_B-AB+SL
22,0.59,CAS-1,Math_AA-HL
15,0.58,CAS-1,German_B-AB+SL,Physics-HL
15,0.5,CAS-1,German_B-SL,Physics-HL
20,0.42,CAS-1,BM-SL,German_B-SL
17,0.42,CAS-1,German_B-SL,Physics-SL
26,1,EE-1,CAS-2
20,0.75,EE-1,BM-SL,German_B-AB+SL
17,0.75,EE-1,German_B-AB+SL,Physics-SL
22,0.59,EE-1,Math_AA-HL
15,0.58,EE-1,German_B-AB+SL,Physics-HL
15,0.5,EE-1,German_B-SL,Physics-HL
20,0.42,EE-1,BM-SL,German_B-SL
17,0.42,EE-1,German_B-SL,Physics-SL
13,1,English_A-SL,German_B-AB+SL
13,0.5,English_A-SL,German_B-SL
26,0.5,English_A-SL,English_B-HL
24,1,Computer_Science-SL,Chemistry-SL,ESS-SL
18,1,Computer_Science-SL,Biology-SL,German_B-AB+SL,Physics-SL
19,1,Computer_Science-SL,ESS-SL,German_B-AB+SL,Physics-SL
12,0.88,Computer_Science-SL,German_B-AB+SL,Physics-SL,Spanish_B-HL
24,0.88,Computer_Science-SL,Chemistry-HL,ESS-SL,German_B-AB+SL
16,0.88,Computer_Science-SL,Biology-SL,German_B-AB+SL,Physics-HL
18,0.88,Computer_Science-SL,Biology-SL,German_B-AB+SL,Spanish_B-AB
17,0.88,Computer_Science-SL,ESS-SL,German_B-AB+SL,Physics-HL
18,0.75,Computer_Science-SL,Biology-SL,German_B-SL,Physics-SL
16,0.75,Computer_Science-SL,Biology-HL,German_B-AB+SL,Physics-SL
10,0.75,Computer_Science-SL,German_B-AB+SL,Physics-HL,Spanish_B-HL
19,0.75,Computer_Science-SL,ESS-SL,German_B-SL,Physics-SL
16,0.67,Computer_Science-SL,Biology-HL,German_B-AB+SL,Spanish_B-AB
14,0.67,Computer_Science-SL,Biology-HL,German_B-AB+SL,Physics-HL
24,0.63,Computer_Science-SL,Chemistry-HL,ESS-SL,German_B-SL
16,0.63,Computer_Science-SL,Biology-SL,German_B-SL,Physics-HL
12,0.63,Computer_Science-SL,German_B-SL,Physics-SL,Spanish_B-HL
18,0.63,Computer_Science-SL,Biology-SL,German_B-SL,Spanish_B-AB
17,0.63,Computer_Science-SL,ESS-SL,German_B-SL,Physics-HL
16,0.59,Computer_Science-SL,Biology-HL,German_B-SL,Physics-SL
16,0.5,Computer_Science-SL,Biology-HL,German_B-SL,Spanish_B-AB
14,0.5,Computer_Science-SL,Biology-HL,German_B-SL,Physics-HL
10,0.5,Computer_Science-SL,German_B-SL,Physics-HL,Spanish_B-HL
18,0.88,Geography-HL,German_B-AB+SL,History-SL,Physics-SL
23,0.83,Geography-HL,Chemistry-SL,History-SL
17,0.75,Geography-HL,Computer_Science-HL,German_B-SL,Physics-HL
24,0.75,Geography-HL,Chemistry-HL,Computer_Science-HL,German_B-SL
20,0.75,Geography-HL,BM-SL,German_B-AB+SL,History-HL
17,0.75,Geography-HL,German_B-AB+SL,History-HL,Physics-SL
23,0.75,Geography-HL,Chemistry-HL,German_B-AB+SL,History-SL
19,0.75,Geography-HL,Computer_Science-HL,German_B-AB+SL,Physics-SL
15,0.75,Geography-HL,German_B-SL,History-HL,Physics-HL
16,0.75,Geography-HL,German_B-AB+SL,History-SL,Physics-HL
22,0.75,Geography-HL,Chemistry-HL,German_B-SL,History-HL
22,0.67,Geography-HL,Chemistry-SL,History-HL
24,0.67,Geography-HL,Chemistry-SL,Computer_Science-HL
18,0.63,Geography-HL,German_B-AB,German_B-AB+SL,Physics-SL
21,0.63,Geography-HL,BM-SL,German_B-AB,German_B-AB+SL
22,0.63,Geography-HL,Chemistry-HL,German_B-AB+SL,History-HL
17,0.63,Geography-HL,Computer_Science-HL,German_B-AB+SL,Physics-HL
24,0.63,Geography-HL,Chemistry-HL,Computer_Science-HL,German_B-AB+SL
18,0.63,Geography-HL,German_B-SL,History-SL,Physics-SL
15,0.63,Geography-HL,German_B-AB+SL,History-HL,Physics-HL
23,0.5,Geography-HL,Chemistry-HL,German_B-SL,History-SL
16,0.5,Geography-HL,German_B-SL,History-SL,Physics-HL
16,0.5,Geography-HL,German_B-AB,German_B-AB+SL,Physics-HL
20,0.5,Geography-HL,BM-SL,German_B-SL,History-HL
17,0.5,Geography-HL,German_B-SL,History-HL,Physics-SL
19,0.5,Geography-HL,Computer_Science-HL,German_B-SL,Physics-SL
18,0.8,SSSTS-SL,German_B-SL,History-HL,Physics-HL,Spanish_B-SL+HL
13,0.8,SSSTS-SL,German_B-SL,History-HL,Physics-HL,Spanish_B-HL
18,0.75,SSSTS-SL,History-HL,Physics-HL,Polish_A-SL
19,0.7,SSSTS-SL,German_B-AB+SL,History-SL,Physics-HL,Spanish_B-SL+HL
18,0.67,SSSTS-SL,German_B-SL,Spanish_B-AB+SL+HL
18,0.67,SSSTS-SL,Polish_A-SL,Spanish_B-AB
18,0.6,SSSTS-SL,Biology-HL,German_B-AB+SL,History-SL,Physics-HL
18,0.6,SSSTS-SL,German_B-AB+SL,History-HL,Physics-HL,Spanish_B-SL+HL
19,0.58,SSSTS-SL,German_B-AB+SL,History-SL,Physics-HL,Spanish_B-HL,Spanish_B-SL
17,0.58,SSSTS-SL,Biology-HL,German_B-AB+SL,Spanish_B-AB
17,0.53,SSSTS-SL,Biology-HL,German_B-AB+SL,History-HL,Physics-HL
21,0.5,SSSTS-SL,German_B-AB,German_B-AB+SL,Spanish_B-AB+SL+HL
14,0.5,SSSTS-SL,German_B-AB,German_B-AB+SL,Spanish_B-AB
18,0.5,SSSTS-SL,German_B-AB+SL,History-HL,Physics-HL,Spanish_B-HL,Spanish_B-SL
16,0.5,SSSTS-SL,German_B-AB+SL,Spanish_B-AB,Spanish_B-SL
14,0.5,SSSTS-SL,German_B-SL,History-SL,Physics-HL,Spanish_B-HL
14,0.5,SSSTS-SL,German_B-AB,German_B-AB+SL,Physics-HL,Spanish_B-HL
19,0.5,SSSTS-SL,German_B-SL,History-SL,Physics-HL,Spanish_B-SL+HL
19,0.5,SSSTS-SL,German_B-AB,German_B-AB+SL,Physics-HL,Spanish_B-SL+HL
18,0.47,SSSTS-SL,Biology-HL,German_B-SL,History-SL,Physics-HL
17,0.42,SSSTS-SL,Biology-HL,German_B-SL,Spanish_B-AB
17,0.4,SSSTS-SL,Biology-HL,German_B-SL,History-HL,Physics-HL
21,1,Math_AI-SL,German_B-AB+SL,Math_AA-SL,Physics-SL
14,1,Math_AI-SL,BM-SL,German_B-AB+SL
19,0.88,Math_AI-SL,German_B-AB+SL,Math_AA-SL,Physics-HL
21,0.75,Math_AI-SL,German_B-SL,Math_AA-SL,Physics-SL
14,0.67,Math_AI-SL,BM-SL,German_B-SL
19,0.63,Math_AI-SL,German_B-SL,Math_AA-SL,Physics-HL
20,0.63,Math_AI-SL,EE-2
20,0.63,Math_AI-SL,CAS-2
24,1,Geography-SL,Chemistry-SL,History-SL
19,1,Geography-SL,German_B-AB+SL,History-SL,Physics-SL
17,0.88,Geography-SL,German_B-AB+SL,History-SL,Physics-HL
18,0.88,Geography-SL,German_B-AB+SL,History-HL,Physics-SL
24,0.88,Geography-SL,Chemistry-HL,German_B-AB+SL,History-SL
21,0.88,Geography-SL,BM-SL,German_B-AB+SL,History-HL
23,0.83,Geography-SL,Chemistry-SL,History-HL
19,0.75,Geography-SL,German_B-AB,German_B-AB+SL,Physics-SL
16,0.75,Geography-SL,German_B-AB+SL,History-HL,Physics-HL
22,0.75,Geography-SL,BM-SL,German_B-AB,German_B-AB+SL
23,0.75,Geography-SL,Chemistry-HL,German_B-AB+SL,History-HL
19,0.75,Geography-SL,German_B-SL,History-SL,Physics-SL
18,0.63,Geography-SL,German_B-SL,History-HL,Physics-SL
17,0.63,Geography-SL,German_B-SL,History-SL,Physics-HL
17,0.63,Geography-SL,German_B-AB,German_B-AB+SL,Physics-HL
21,0.63,Geography-SL,BM-SL,German_B-SL,History-HL
24,0.63,Geography-SL,Chemistry-HL,German_B-SL,History-SL
16,0.5,Geography-SL,German_B-SL,History-HL,Physics-HL
23,0.5,Geography-SL,Chemistry-HL,German_B-SL,History-HL
14,1,BM-SL,German_B-AB+SL,Psychology-SL
14,1,BM-SL,German_B-AB+SL,Math_AI-SL
21,0.88,BM-SL,Geography-SL,German_B-AB+SL,History-HL
20,0.75,BM-SL,EE-1,German_B-AB+SL
19,0.75,BM-SL,ESS-SL,German_B-AB,German_B-AB+SL
22,0.75,BM-SL,Geography-SL,German_B-AB,German_B-AB+SL
20,0.75,BM-SL,Geography-HL,German_B-AB+SL,History-HL
19,0.75,BM-SL,TOK-1
11,0.75,BM-SL,German_B-AB+SL,History-HL,Spanish_B-HL
20,0.75,BM-SL,CAS-1,German_B-AB+SL
14,0.67,BM-SL,German_B-SL,Psychology-SL
16,0.67,BM-SL,ESS-SL,German_B-SL
14,0.67,BM-SL,German_B-SL,Math_AI-SL
15,0.63,BM-SL,German_B-AB,German_B-AB+SL,Psychology-HL
21,0.63,BM-SL,Geography-SL,German_B-SL,History-HL
21,0.63,BM-SL,Geography-HL,German_B-AB,German_B-AB+SL
17,0.6,BM-SL,English_A-HL,German_B-AB,German_B-AB+SL,Spanish_B-HL
20,0.5,BM-SL,Geography-HL,German_B-SL,History-HL
14,0.5,BM-SL,English_A-HL,German_B-SL,Spanish_B-HL
11,0.5,BM-SL,German_B-SL,History-HL,Spanish_B-HL
12,0.5,BM-SL,German_B-SL,Psychology-HL
20,0.42,BM-SL,EE-1,German_B-SL
20,0.42,BM-SL,CAS-1,German_B-SL
24,0.88,Chemistry-HL,Computer_Science-SL,ESS-SL,German_B-AB+SL
24,0.88,Chemistry-HL,Geography-SL,German_B-AB+SL,History-SL
22,0.75,Chemistry-HL,Computer_Science-HL,ESS-SL,German_B-AB+SL
23,0.75,Chemistry-HL,Geography-SL,German_B-AB+SL,History-HL
24,0.75,Chemistry-HL,Computer_Science-HL,Geography-HL,German_B-SL
22,0.75,Chemistry-HL,Geography-HL,German_B-SL,History-HL
23,0.75,Chemistry-HL,Geography-HL,German_B-AB+SL,History-SL
18,0.75,Chemistry-HL,Computer_Science-HL,English_A-HL,German_B-SL
24,0.63,Chemistry-HL,Computer_Science-HL,Geography-HL,German_B-AB+SL
24,0.63,Chemistry-HL,Computer_Science-SL,ESS-SL,German_B-SL
24,0.63,Chemistry-HL,Geography-SL,German_B-SL,History-SL
18,0.63,Chemistry-HL,Computer_Science-HL,English_A-HL,German_B-AB+SL
22,0.63,Chemistry-HL,Geography-HL,German_B-AB+SL,History-HL
23,0.5,Chemistry-HL,Geography-HL,German_B-SL,History-SL
23,0.5,Chemistry-HL,Geography-SL,German_B-SL,History-HL
22,0.5,Chemistry-HL,Computer_Science-HL,ESS-SL,German_B-SL
15,1,Physics-SL,Biology-SL,German_B-AB+SL,History-SL
19,1,Physics-SL,Geography-SL,German_B-AB+SL,History-SL
21,1,Physics-SL,German_B-AB+SL,Math_AA-SL,Math_AI-SL
19,1,Physics-SL,Computer_Science-SL,ESS-SL,German_B-AB+SL
18,1,Physics-SL,Biology-SL,Computer_Science-SL,German_B-AB+SL
12,0.88,Physics-SL,Computer_Science-SL,German_B-AB+SL,Spanish_B-HL
15,0.88,Physics-SL,Computer_Science-HL,German_B-AB+SL,Psychology-SL
14,0.88,Physics-SL,Biology-SL,German_B-AB+SL,History-HL
16,0.88,Physics-SL,German_B-AB+SL,Math_AA-SL,Spanish_B-HL
14,0.88,Physics-SL,German_B-AB+SL,History-SL,Spanish_B-SL+HL
18,0.88,Physics-SL,Geography-SL,German_B-AB+SL,History-HL
18,0.88,Physics-SL,Geography-HL,German_B-AB+SL,History-SL
17,0.88,Physics-SL,Computer_Science-HL,ESS-SL,German_B-AB+SL
21,0.8,Physics-SL,Biology-SL,Computer_Science-HL,English_A-HL,German_B-AB+SL
21,0.78,Physics-SL,BM-HL,Psychology-SL
13,0.75,Physics-SL,German_B-AB+SL,History-HL,Spanish_B-SL+HL
19,0.75,Physics-SL,Geography-SL,German_B-AB,German_B-AB+SL
17,0.75,Physics-SL,CAS-1,German_B-AB+SL
16,0.75,Physics-SL,TOK-1
19,0.75,Physics-SL,Computer_Science-HL,Geography-HL,German_B-AB+SL
21,0.75,Physics-SL,German_B-SL,Math_AA-SL,Math_AI-SL
16,0.75,Physics-SL,ESS-SL,German_B-AB,German_B-AB+SL
15,0.75,Physics-SL,Biology-SL,German_B-SL,History-SL
17,0.75,Physics-SL,EE-1,German_B-AB+SL
13,0.75,Physics-SL,Biology-HL,German_B-AB+SL,History-SL
13,0.75,Physics-SL,Computer_Science-HL,German_B-AB+SL,Psychology-HL
16,0.75,Physics-SL,Biology-HL,Computer_Science-SL,German_B-AB+SL
19,0.75,Physics-SL,Computer_Science-SL,ESS-SL,German_B-SL
18,0.75,Physics-SL,Biology-SL,Computer_Science-SL,German_B-SL
17,0.75,Physics-SL,Geography-HL,German_B-AB+SL,History-HL
19,0.75,Physics-SL,Geography-SL,German_B-SL,History-SL
14,0.7,Physics-SL,German_B-AB+SL,History-SL,Spanish_B-HL,Spanish_B-SL
15,0.7,Physics-SL,Computer_Science-HL,English_A-HL,German_B-AB+SL,Spanish_B-HL
16,0.67,Physics-SL,BM-HL,Spanish_B-HL
19,0.67,Physics-SL,BM-HL,Psychology-HL
12,0.67,Physics-SL,Biology-HL,German_B-AB+SL,History-HL
18,0.63,Physics-SL,Geography-SL,German_B-SL,History-HL
14,0.63,Physics-SL,German_B-AB,German_B-AB+SL,Spanish_B-SL+HL
14,0.63,Physics-SL,German_B-SL,History-SL,Spanish_B-SL+HL
18,0.63,Physics-SL,Geography-HL,German_B-AB,German_B-AB+SL
15,0.63,Physics-SL,Computer_Science-HL,German_B-SL,Psychology-SL
12,0.63,Physics-SL,German_B-AB,German_B-AB+SL,Psychology-HL
16,0.63,Physics-SL,German_B-SL,Math_AA-SL,Spanish_B-HL
14,0.63,Physics-SL,Biology-SL,German_B-SL,History-HL
17,0.63,Physics-SL,Computer_Science-HL,ESS-SL,German_B-SL
9,0.63,Physics-SL,German_B-SL,History-SL,Spanish_B-HL
18,0.63,Physics-SL,Geography-HL,German_B-SL,History-SL
12,0.63,Physics-SL,Computer_Science-SL,German_B-SL,Spanish_B-HL
13,0.6,Physics-SL,German_B-AB+SL,History-HL,Spanish_B-HL,Spanish_B-SL
14,0.6,Physics-SL,English_A-HL,German_B-AB,German_B-AB+SL,Spanish_B-HL
19,0.6,Physics-SL,Biology-HL,Computer_Science-HL,English_A-HL,German_B-AB+SL
21,0.6,Physics-SL,Biology-SL,Computer_Science-HL,English_A-HL,German_B-SL
16,0.59,Physics-SL,Biology-HL,Computer_Science-SL,German_B-SL
13,0.59,Physics-SL,Biology-HL,German_B-SL,History-SL
13,0.5,Physics-SL,History-HL,Polish_A-SL
15,0.5,Physics-SL,Computer_Science-HL,English_A-HL,German_B-SL,Spanish_B-HL
16,0.5,Physics-SL,Polish_A-SL,Psychology-HL
16,0.5,Physics-SL,English_A-HL,Polish_A-SL
8,0.5,Physics-SL,German_B-SL,History-HL,Spanish_B-HL
19,0.5,Physics-SL,Computer_Science-HL,Geography-HL,German_B-SL
13,0.5,Physics-SL,Computer_Science-HL,German_B-SL,Psychology-HL
13,0.5,Physics-SL,German_B-SL,History-HL,Spanish_B-SL+HL
12,0.5,Physics-SL,Biology-HL,German_B-SL,History-HL
17,0.5,Physics-SL,Geography-HL,German_B-SL,History-HL
19,0.47,Physics-SL,Biology-HL,Computer_Science-HL,English_A-HL,German_B-SL
17,0.42,Physics-SL,CAS-1,German_B-SL
17,0.42,Physics-SL,EE-1,German_B-SL
16,0.88,Spanish_B-HL,German_B-AB+SL,Math_AA-SL,Physics-SL
12,0.88,Spanish_B-HL,Computer_Science-SL,German_B-AB+SL,Physics-SL
13,0.8,Spanish_B-HL,German_B-SL,History-HL,Physics-HL,SSSTS-SL
13,0.8,Spanish_B-HL,Computer_Science-HL,English_A-HL,German_B-SL,Physics-HL
11,0.75,Spanish_B-HL,BM-SL,German_B-AB+SL,History-HL
15,0.75,Spanish_B-HL,EE-2
10,0.75,Spanish_B-HL,Computer_Science-SL,German_B-AB+SL,Physics-HL
15,0.75,Spanish_B-HL,CAS-2
14,0.75,Spanish_B-HL,German_B-AB+SL,Math_AA-SL,Physics-HL
15,0.7,Spanish_B-HL,Computer_Science-HL,English_A-HL,German_B-AB+SL,Physics-SL
14,0.7,Spanish_B-HL,German_B-AB+SL,History-SL,Physics-SL,Spanish_B-SL
21,0.67,Spanish_B-HL,Math_AA-HL,Math_AA-SL
16,0.67,Spanish_B-HL,BM-HL,Physics-SL
9,0.63,Spanish_B-HL,German_B-SL,History-SL,Physics-SL
12,0.63,Spanish_B-HL,Computer_Science-SL,German_B-SL,Physics-SL
16,0.63,Spanish_B-HL,German_B-SL,Math_AA-SL,Physics-SL
14,0.6,Spanish_B-HL,English_A-HL,German_B-AB,German_B-AB+SL,Physics-SL
17,0.6,Spanish_B-HL,BM-SL,English_A-HL,German_B-AB,German_B-AB+SL
13,0.6,Spanish_B-HL,Computer_Science-HL,English_A-HL,German_B-AB+SL,Physics-HL
13,0.6,Spanish_B-HL,German_B-AB+SL,History-HL,Physics-SL,Spanish_B-SL
19,0.58,Spanish_B-HL,German_B-AB+SL,History-SL,Physics-HL,Spanish_B-SL,SSSTS-SL
16,0.55,Spanish_B-HL,English_A-HL,Math_AA-HL
13,0.55,Spanish_B-HL,History-HL,Math_AA-HL
14,0.55,Spanish_B-HL,BM-HL,Physics-HL
18,0.5,Spanish_B-HL,German_B-AB+SL,History-HL,Physics-HL,Spanish_B-SL,SSSTS-SL
14,0.5,Spanish_B-HL,German_B-AB,German_B-AB+SL,Physics-HL,SSSTS-SL
10,0.5,Spanish_B-HL,Computer_Science-SL,German_B-SL,Physics-HL
14,0.5,Spanish_B-HL,German_B-SL,Math_AA-SL,Physics-HL
11,0.5,Spanish_B-HL,BM-SL,German_B-SL,History-HL
14,0.5,Spanish_B-HL,German_B-SL,History-SL,Physics-HL,SSSTS-SL
15,0.5,Spanish_B-HL,Computer_Science-HL,English_A-HL,German_B-SL,Physics-SL
14,0.5,Spanish_B-HL,BM-SL,English_A-HL,German_B-SL
12,0.5,Spanish_B-HL,English_A-HL,German_B-AB,German_B-AB+SL,Physics-HL
8,0.5,Spanish_B-HL,German_B-SL,History-HL,Physics-SL
14,1,Physics-HL,TOK-1
13,0.88,Physics-HL,Biology-SL,German_B-AB+SL,History-SL
19,0.88,Physics-HL,German_B-AB+SL,Math_AA-SL,Math_AI-SL
17,0.88,Physics-HL,Computer_Science-SL,ESS-SL,German_B-AB+SL
17,0.88,Physics-HL,Geography-SL,German_B-AB+SL,History-SL
16,0.88,Physics-HL,Biology-SL,Computer_Science-SL,German_B-AB+SL
13,0.8,Physics-HL,Computer_Science-HL,English_A-HL,German_B-SL,Spanish_B-HL
18,0.8,Physics-HL,German_B-SL,History-HL,Spanish_B-SL+HL,SSSTS-SL
13,0.8,Physics-HL,German_B-SL,History-HL,Spanish_B-HL,SSSTS-SL
18,0.75,Physics-HL,History-HL,Polish_A-SL,SSSTS-SL
15,0.75,Physics-HL,Computer_Science-HL,ESS-SL,German_B-AB+SL
12,0.75,Physics-HL,Biology-SL,German_B-AB+SL,History-HL
17,0.75,Physics-HL,Computer_Science-HL,Geography-HL,German_B-SL
15,0.75,Physics-HL,Geography-HL,German_B-SL,History-HL
16,0.75,Physics-HL,Geography-SL,German_B-AB+SL,History-HL
10,0.75,Physics-HL,Computer_Science-SL,German_B-AB+SL,Spanish_B-HL
14,0.75,Physics-HL,German_B-AB+SL,Math_AA-SL,Spanish_B-HL
13,0.75,Physics-HL,Computer_Science-HL,German_B-AB+SL,Psychology-SL
11,0.75,Physics-HL,Computer_Science-HL,German_B-SL,Psychology-HL
16,0.75,Physics-HL,Geography-HL,German_B-AB+SL,History-SL
19,0.7,Physics-HL,Biology-SL,Computer_Science-HL,English_A-HL,German_B-AB+SL
19,0.7,Physics-HL,German_B-AB+SL,History-SL,Spanish_B-SL+HL,SSSTS-SL
20,0.67,Physics-HL,English_A-HL,English_B-HL
14,0.67,Physics-HL,Polish_A-SL,Psychology-HL
14,0.67,Physics-HL,English_A-HL,Polish_A-SL
17,0.67,Physics-HL,English_B-HL,History-HL
19,0.67,Physics-HL,BM-HL,Psychology-SL
14,0.67,Physics-HL,Biology-HL,Computer_Science-SL,German_B-AB+SL
14,0.63,Physics-HL,ESS-SL,German_B-AB,German_B-AB+SL
17,0.63,Physics-HL,Computer_Science-HL,Geography-HL,German_B-AB+SL
17,0.63,Physics-HL,Computer_Science-SL,ESS-SL,German_B-SL
17,0.63,Physics-HL,Geography-SL,German_B-AB,German_B-AB+SL
13,0.63,Physics-HL,Biology-SL,German_B-SL,History-SL
11,0.63,Physics-HL,Computer_Science-HL,German_B-AB+SL,Psychology-HL
19,0.63,Physics-HL,German_B-SL,Math_AA-SL,Math_AI-SL
15,0.63,Physics-HL,Geography-HL,German_B-AB+SL,History-HL
16,0.63,Physics-HL,Biology-SL,Computer_Science-SL,German_B-SL
17,0.63,Physics-HL,Geography-SL,German_B-SL,History-SL
18,0.6,Physics-HL,German_B-AB+SL,History-HL,Spanish_B-SL+HL,SSSTS-SL
18,0.6,Physics-HL,Biology-HL,German_B-AB+SL,History-SL,SSSTS-SL
13,0.6,Physics-HL,Computer_Science-HL,English_A-HL,German_B-AB+SL,Spanish_B-HL
15,0.58,Physics-HL,EE-1,German_B-AB+SL
19,0.58,Physics-HL,German_B-AB+SL,History-SL,Spanish_B-HL,Spanish_B-SL,SSSTS-SL
15,0.58,Physics-HL,CAS-1,German_B-AB+SL
17,0.55,Physics-HL,BM-HL,Psychology-HL
14,0.55,Physics-HL,BM-HL,Spanish_B-HL
17,0.53,Physics-HL,Biology-HL,German_B-AB+SL,History-HL,SSSTS-SL
17,0.53,Physics-HL,Biology-HL,Computer_Science-HL,English_A-HL,German_B-AB+SL
14,0.5,Physics-HL,German_B-SL,Math_AA-SL,Spanish_B-HL
15,0.5,Physics-HL,CAS-1,German_B-SL
10,0.5,Physics-HL,German_B-AB,German_B-AB+SL,Psychology-HL
16,0.5,Physics-HL,Geography-HL,German_B-SL,History-SL
19,0.5,Physics-HL,Biology-SL,Computer_Science-HL,English_A-HL,German_B-SL
16,0.5,Physics-HL,Geography-HL,German_B-AB,German_B-AB+SL
14,0.5,Physics-HL,German_B-SL,History-SL,Spanish_B-HL,SSSTS-SL
16,0.5,Physics-HL,Geography-SL,German_B-SL,History-HL
13,0.5,Physics-HL,Computer_Science-HL,German_B-SL,Psychology-SL
15,0.5,Physics-HL,EE-1,German_B-SL
18,0.5,Physics-HL,German_B-AB+SL,History-HL,Spanish_B-HL,Spanish_B-SL,SSSTS-SL
12,0.5,Physics-HL,English_A-HL,German_B-AB,German_B-AB+SL,Spanish_B-HL
19,0.5,Physics-HL,German_B-AB,German_B-AB+SL,Spanish_B-SL+HL,SSSTS-SL
10,0.5,Physics-HL,Computer_Science-SL,German_B-SL,Spanish_B-HL
14,0.5,Physics-HL,German_B-AB,German_B-AB+SL,Spanish_B-HL,SSSTS-SL
15,0.5,Physics-HL,Computer_Science-HL,ESS-SL,German_B-SL
14,0.5,Physics-HL,Biology-HL,Computer_Science-SL,German_B-SL
19,0.5,Physics-HL,German_B-SL,History-SL,Spanish_B-SL+HL,SSSTS-SL
12,0.5,Physics-HL,Biology-SL,German_B-SL,History-HL
18,0.47,Physics-HL,Biology-HL,German_B-SL,History-SL,SSSTS-SL
17,0.4,Physics-HL,Biology-HL,Computer_Science-HL,English_A-HL,German_B-SL
17,0.4,Physics-HL,Biology-HL,German_B-SL,History-HL,SSSTS-SL
15,1,Biology-SL,German_B-AB+SL,History-SL,Physics-SL
18,1,Biology-SL,Computer_Science-SL,German_B-AB+SL,Physics-SL
18,0.88,Biology-SL,Computer_Science-SL,German_B-AB+SL,Spanish_B-AB
13,0.88,Biology-SL,German_B-AB+SL,History-SL,Physics-HL
16,0.88,Biology-SL,Computer_Science-SL,German_B-AB+SL,Physics-HL
14,0.88,Biology-SL,German_B-AB+SL,History-HL,Physics-SL
21,0.8,Biology-SL,Computer_Science-HL,English_A-HL,German_B-AB+SL,Physics-SL
16,0.75,Biology-SL,Computer_Science-HL,German_B-AB+SL,Spanish_B-AB
18,0.75,Biology-SL,Computer_Science-SL,German_B-SL,Physics-SL
12,0.75,Biology-SL,German_B-AB+SL,History-HL,Physics-HL
15,0.75,Biology-SL,German_B-SL,History-SL,Physics-SL
19,0.7,Biology-SL,Computer_Science-HL,English_A-HL,German_B-AB+SL,Physics-HL
13,0.63,Biology-SL,German_B-SL,History-SL,Physics-HL
16,0.63,Biology-SL,Computer_Science-SL,German_B-SL,Physics-HL
14,0.63,Biology-SL,German_B-SL,History-HL,Physics-SL
18,0.63,Biology-SL,Computer_Science-SL,German_B-SL,Spanish_B-AB
21,0.6,Biology-SL,Computer_Science-HL,English_A-HL,German_B-SL,Physics-SL
12,0.5,Biology-SL,German_B-SL,History-HL,Physics-HL
16,0.5,Biology-SL,Computer_Science-HL,German_B-SL,Spanish_B-AB
19,0.5,Biology-SL,Computer_Science-HL,English_A-HL,German_B-SL,Physics-HL
13,0.75,Biology-HL,German_B-AB+SL,History-SL,Physics-SL
16,0.75,Biology-HL,Computer_Science-SL,German_B-AB+SL,Physics-SL
12,0.67,Biology-HL,German_B-AB+SL,History-HL,Physics-SL
14,0.67,Biology-HL,Computer_Science-SL,German_B-AB+SL,Physics-HL
16,0.67,Biology-HL,Computer_Science-SL,German_B-AB+SL,Spanish_B-AB
19,0.6,Biology-HL,Computer_Science-HL,English_A-HL,German_B-AB+SL,Physics-SL
18,0.6,Biology-HL,German_B-AB+SL,History-SL,Physics-HL,SSSTS-SL
16,0.59,Biology-HL,Computer_Science-SL,German_B-SL,Physics-SL
13,0.59,Biology-HL,German_B-SL,History-SL,Physics-SL
14,0.58,Biology-HL,Computer_Science-HL,German_B-AB+SL,Spanish_B-AB
17,0.58,Biology-HL,German_B-AB+SL,Spanish_B-AB,SSSTS-SL
17,0.53,Biology-HL,Computer_Science-HL,English_A-HL,German_B-AB+SL,Physics-HL
17,0.53,Biology-HL,German_B-AB+SL,History-HL,Physics-HL,SSSTS-SL
14,0.5,Biology-HL,Computer_Science-SL,German_B-SL,Physics-HL
16,0.5,Biology-HL,Computer_Science-SL,German_B-SL,Spanish_B-AB
12,0.5,Biology-HL,German_B-SL,History-HL,Physics-SL
18,0.47,Biology-HL,German_B-SL,History-SL,Physics-HL,SSSTS-SL
19,0.47,Biology-HL,Computer_Science-HL,English_A-HL,German_B-SL,Physics-SL
17,0.42,Biology-HL,German_B-SL,Spanish_B-AB,SSSTS-SL
14,0.42,Biology-HL,Computer_Science-HL,German_B-SL,Spanish_B-AB
17,0.4,Biology-HL,German_B-SL,History-HL,Physics-HL,SSSTS-SL
17,0.4,Biology-HL,Computer_Science-HL,English_A-HL,German_B-SL,Physics-HL
16,0.75,German_B-AB,ESS-SL,German_B-AB+SL,Physics-SL
19,0.75,German_B-AB,BM-SL,ESS-SL,German_B-AB+SL
22,0.75,German_B-AB,BM-SL,Geography-SL,German_B-AB+SL
19,0.75,German_B-AB,Geography-SL,German_B-AB+SL,Physics-SL
14,0.63,German_B-AB,German_B-AB+SL,Physics-SL,Spanish_B-SL+HL
15,0.63,German_B-AB,BM-SL,German_B-AB+SL,Psychology-HL
14,0.63,German_B-AB,ESS-SL,German_B-AB+SL,Physics-HL
17,0.63,German_B-AB,Geography-SL,German_B-AB+SL,Physics-HL
18,0.63,German_B-AB,Geography-HL,German_B-AB+SL,Physics-SL
21,0.63,German_B-AB,BM-SL,Geography-HL,German_B-AB+SL
12,0.63,German_B-AB,German_B-AB+SL,Physics-SL,Psychology-HL
17,0.6,German_B-AB,BM-SL,English_A-HL,German_B-AB+SL,Spanish_B-HL
14,0.6,German_B-AB,English_A-HL,German_B-AB+SL,Physics-SL,Spanish_B-HL
10,0.5,German_B-AB,German_B-AB+SL,Physics-HL,Psychology-HL
14,0.5,German_B-AB,German_B-AB+SL,Physics-HL,Spanish_B-HL,SSSTS-SL
16,0.5,German_B-AB,Geography-HL,German_B-AB+SL,Physics-HL
19,0.5,German_B-AB,German_B-AB+SL,Physics-HL,Spanish_B-SL+HL,SSSTS-SL
14,0.5,German_B-AB,German_B-AB+SL,Spanish_B-AB,SSSTS-SL
12,0.5,German_B-AB,English_A-HL,German_B-AB+SL,Physics-HL,Spanish_B-HL
21,0.5,German_B-AB,German_B-AB+SL,Spanish_B-AB+SL+HL,SSSTS-SL
14,1,Psychology-SL,BM-SL,German_B-AB+SL
15,0.88,Psychology-SL,Computer_Science-HL,German_B-AB+SL,Physics-SL
21,0.78,Psychology-SL,BM-HL,Physics-SL
13,0.75,Psychology-SL,Computer_Science-HL,German_B-AB+SL,Physics-HL
19,0.67,Psychology-SL,BM-HL,Physics-HL
14,0.67,Psychology-SL,BM-SL,German_B-SL
15,0.63,Psychology-SL,Computer_Science-HL,German_B-SL,Physics-SL
13,0.5,Psychology-SL,Computer_Science-HL,German_B-SL,Physics-HL
15,1,History-SL,Biology-SL,German_B-AB+SL,Physics-SL
24,1,History-SL,Chemistry-SL,Geography-SL
19,1,History-SL,Geography-SL,German_B-AB+SL,Physics-SL
24,0.88,History-SL,Chemistry-HL,Geography-SL,German_B-AB+SL
14,0.88,History-SL,German_B-AB+SL,Physics-SL,Spanish_B-SL+HL
13,0.88,History-SL,Biology-SL,German_B-AB+SL,Physics-HL
17,0.88,History-SL,Geography-SL,German_B-AB+SL,Physics-HL
18,0.88,History-SL,Geography-HL,German_B-AB+SL,Physics-SL
23,0.83,History-SL,Chemistry-SL,Geography-HL
23,0.75,History-SL,Chemistry-HL,Geography-HL,German_B-AB+SL
16,0.75,History-SL,Geography-HL,German_B-AB+SL,Physics-HL
15,0.75,History-SL,Biology-SL,German_B-SL,Physics-SL
19,0.75,History-SL,Geography-SL,German_B-SL,Physics-SL
13,0.75,History-SL,Biology-HL,German_B-AB+SL,Physics-SL
14,0.7,History-SL,German_B-AB+SL,Physics-SL,Spanish_B-HL,Spanish_B-SL
19,0.7,History-SL,German_B-AB+SL,Physics-HL,Spanish_B-SL+HL,SSSTS-SL
13,0.63,History-SL,Biology-SL,German_B-SL,Physics-HL
24,0.63,History-SL,Chemistry-HL,Geography-SL,German_B-SL
9,0.63,History-SL,German_B-SL,Physics-SL,Spanish_B-HL
18,0.63,History-SL,Geography-HL,German_B-SL,Physics-SL
17,0.63,History-SL,Geography-SL,German_B-SL,Physics-HL
14,0.63,History-SL,German_B-SL,Physics-SL,Spanish_B-SL+HL
18,0.6,History-SL,Biology-HL,German_B-AB+SL,Physics-HL,SSSTS-SL
13,0.59,History-SL,Biology-HL,German_B-SL,Physics-SL
19,0.58,History-SL,German_B-AB+SL,Physics-HL,Spanish_B-HL,Spanish_B-SL,SSSTS-SL
14,0.5,History-SL,German_B-SL,Physics-HL,Spanish_B-HL,SSSTS-SL
23,0.5,History-SL,Chemistry-HL,Geography-HL,German_B-SL
19,0.5,History-SL,German_B-SL,Physics-HL,Spanish_B-SL+HL,SSSTS-SL
16,0.5,History-SL,Geography-HL,German_B-SL,Physics-HL
18,0.47,History-SL,Biology-HL,German_B-SL,Physics-HL,SSSTS-SL
14,0.88,Spanish_B-SL+HL,German_B-AB+SL,History-SL,Physics-SL
18,0.8,Spanish_B-SL+HL,German_B-SL,History-HL,Physics-HL,SSSTS-SL
13,0.75,Spanish_B-SL+HL,German_B-AB+SL,History-HL,Physics-SL
19,0.7,Spanish_B-SL+HL,German_B-AB+SL,History-SL,Physics-HL,SSSTS-SL
14,0.63,Spanish_B-SL+HL,German_B-SL,History-SL,Physics-SL
14,0.63,Spanish_B-SL+HL,German_B-AB,German_B-AB+SL,Physics-SL
18,0.6,Spanish_B-SL+HL,German_B-AB+SL,History-HL,Physics-HL,SSSTS-SL
19,0.5,Spanish_B-SL+HL,German_B-SL,History-SL,Physics-HL,SSSTS-SL
19,0.5,Spanish_B-SL+HL,German_B-AB,German_B-AB+SL,Physics-HL,SSSTS-SL
13,0.5,Spanish_B-SL+HL,German_B-SL,History-HL,Physics-SL
18,0.67,Spanish_B-AB+SL+HL,German_B-SL,SSSTS-SL
21,0.5,Spanish_B-AB+SL+HL,German_B-AB,German_B-AB+SL,SSSTS-SL
15,1,German_B-AB+SL,Biology-SL,History-SL,Physics-SL
13,1,German_B-AB+SL,English_A-SL
21,1,German_B-AB+SL,Math_AA-SL,Math_AI-SL,Physics-SL
14,1,German_B-AB+SL,BM-SL,Math_AI-SL
14,1,German_B-AB+SL,BM-SL,Psychology-SL
19,1,German_B-AB+SL,Geography-SL,History-SL,Physics-SL
19,1,German_B-AB+SL,Computer_Science-SL,ESS-SL,Physics-SL
18,1,German_B-AB+SL,Biology-SL,Computer_Science-SL,Physics-SL
24,0.88,German_B-AB+SL,Chemistry-HL,Computer_Science-SL,ESS-SL
16,0.88,German_B-AB+SL,Biology-SL,Computer_Science-SL,Physics-HL
24,0.88,German_B-AB+SL,Chemistry-HL,Geography-SL,History-SL
21,0.88,German_B-AB+SL,BM-SL,Geography-SL,History-HL
18,0.88,German_B-AB+SL,Biology-SL,Computer_Science-SL,Spanish_B-AB
18,0.88,German_B-AB+SL,Geography-SL,History-HL,Physics-SL
13,0.88,German_B-AB+SL,Biology-SL,History-SL,Physics-HL
17,0.88,German_B-AB+SL,Computer_Science-SL,ESS-SL,Physics-HL
19,0.88,German_B-AB+SL,Math_AA-SL,Math_AI-SL,Physics-HL
14,0.88,German_B-AB+SL,History-SL,Physics-SL,Spanish_B-SL+HL
16,0.88,German_B-AB+SL,Math_AA-SL,Physics-SL,Spanish_B-HL
15,0.88,German_B-AB+SL,Computer_Science-HL,Physics-SL,Psychology-SL
12,0.88,German_B-AB+SL,Computer_Science-SL,Physics-SL,Spanish_B-HL
17,0.88,German_B-AB+SL,Geography-SL,History-SL,Physics-HL
17,0.88,German_B-AB+SL,Computer_Science-HL,ESS-SL,Physics-SL
14,0.88,German_B-AB+SL,Biology-SL,History-HL,Physics-SL
18,0.88,German_B-AB+SL,Geography-HL,History-SL,Physics-SL
21,0.8,German_B-AB+SL,Biology-SL,Computer_Science-HL,English_A-HL,Physics-SL
13,0.75,German_B-AB+SL,Computer_Science-HL,Physics-HL,Psychology-SL
16,0.75,German_B-AB+SL,Biology-HL,Computer_Science-SL,Physics-SL
16,0.75,German_B-AB+SL,Geography-SL,History-HL,Physics-HL
14,0.75,German_B-AB+SL,TOK-2
19,0.75,German_B-AB+SL,BM-SL,ESS-SL,German_B-AB
16,0.75,German_B-AB+SL,Biology-SL,Computer_Science-HL,Spanish_B-AB
17,0.75,German_B-AB+SL,CAS-1,Physics-SL
10,0.75,German_B-AB+SL,Computer_Science-SL,Physics-HL,Spanish_B-HL
16,0.75,German_B-AB+SL,ESS-SL,German_B-AB,Physics-SL
22,0.75,German_B-AB+SL,BM-SL,Geography-SL,German_B-AB
13,0.75,German_B-AB+SL,Biology-HL,History-SL,Physics-SL
19,0.75,German_B-AB+SL,Geography-SL,German_B-AB,Physics-SL
20,0.75,German_B-AB+SL,BM-SL,CAS-1
19,0.75,German_B-AB+SL,Computer_Science-HL,Geography-HL,Physics-SL
17,0.75,German_B-AB+SL,EE-1,Physics-SL
23,0.75,German_B-AB+SL,Chemistry-HL,Geography-HL,History-SL
22,0.75,German_B-AB+SL,Chemistry-HL,Computer_Science-HL,ESS-SL
14,0.75,German_B-AB+SL,Math_AA-SL,Physics-HL,Spanish_B-HL
13,0.75,German_B-AB+SL,History-HL,Physics-SL,Spanish_B-SL+HL
20,0.75,German_B-AB+SL,BM-SL,Geography-HL,History-HL
13,0.75,German_B-AB+SL,Computer_Science-HL,Physics-SL,Psychology-HL
16,0.75,German_B-AB+SL,Geography-HL,History-SL,Physics-HL
23,0.75,German_B-AB+SL,Chemistry-HL,Geography-SL,History-HL
20,0.75,German_B-AB+SL,BM-SL,EE-1
11,0.75,German_B-AB+SL,BM-SL,History-HL,Spanish_B-HL
17,0.75,German_B-AB+SL,Geography-HL,History-HL,Physics-SL
12,0.75,German_B-AB+SL,Biology-SL,History-HL,Physics-HL
15,0.75,German_B-AB+SL,Computer_Science-HL,ESS-SL,Physics-HL
19,0.7,German_B-AB+SL,History-SL,Physics-HL,Spanish_B-SL+HL,SSSTS-SL
19,0.7,German_B-AB+SL,Biology-SL,Computer_Science-HL,English_A-HL,Physics-HL
14,0.7,German_B-AB+SL,History-SL,Physics-SL,Spanish_B-HL,Spanish_B-SL
15,0.7,German_B-AB+SL,Computer_Science-HL,English_A-HL,Physics-SL,Spanish_B-HL
12,0.67,German_B-AB+SL,Biology-HL,History-HL,Physics-SL
14,0.67,German_B-AB+SL,Biology-HL,Computer_Science-SL,Physics-HL
16,0.67,German_B-AB+SL,Biology-HL,Computer_Science-SL,Spanish_B-AB
18,0.63,German_B-AB+SL,Geography-HL,German_B-AB,Physics-SL
14,0.63,German_B-AB+SL,German_B-AB,Physics-SL,Spanish_B-SL+HL
11,0.63,German_B-AB+SL,Computer_Science-HL,Physics-HL,Psychology-HL
14,0.63,German_B-AB+SL,ESS-SL,German_B-AB,Physics-HL
24,0.63,German_B-AB+SL,Chemistry-HL,Computer_Science-HL,Geography-HL
22,0.63,German_B-AB+SL,Chemistry-HL,Geography-HL,History-HL
18,0.63,German_B-AB+SL,Chemistry-HL,Computer_Science-HL,English_A-HL
15,0.63,German_B-AB+SL,BM-SL,German_B-AB,Psychology-HL
15,0.63,German_B-AB+SL,Geography-HL,History-HL,Physics-HL
21,0.63,German_B-AB+SL,BM-SL,Geography-HL,German_B-AB
17,0.63,German_B-AB+SL,Computer_Science-HL,Geography-HL,Physics-HL
12,0.63,German_B-AB+SL,German_B-AB,Physics-SL,Psychology-HL
17,0.63,German_B-AB+SL,Geography-SL,German_B-AB,Physics-HL
18,0.6,German_B-AB+SL,History-HL,Physics-HL,Spanish_B-SL+HL,SSSTS-SL
18,0.6,German_B-AB+SL,Biology-HL,History-SL,Physics-HL,SSSTS-SL
17,0.6,German_B-AB+SL,BM-SL,English_A-HL,German_B-AB,Spanish_B-HL
13,0.6,German_B-AB+SL,Computer_Science-HL,English_A-HL,Physics-HL,Spanish_B-HL
14,0.6,German_B-AB+SL,English_A-HL,German_B-AB,Physics-SL,Spanish_B-HL
13,0.6,German_B-AB+SL,History-HL,Physics-SL,Spanish_B-HL,Spanish_B-SL
19,0.6,German_B-AB+SL,Biology-HL,Computer_Science-HL,English_A-HL,Physics-SL
15,0.58,German_B-AB+SL,CAS-1,Physics-HL
15,0.58,German_B-AB+SL,EE-1,Physics-HL
19,0.58,German_B-AB+SL,History-SL,Physics-HL,Spanish_B-HL,Spanish_B-SL,SSSTS-SL
17,0.58,German_B-AB+SL,Biology-HL,Spanish_B-AB,SSSTS-SL
14,0.58,German_B-AB+SL,Biology-HL,Computer_Science-HL,Spanish_B-AB
17,0.53,German_B-AB+SL,Biology-HL,Computer_Science-HL,English_A-HL,Physics-HL
17,0.53,German_B-AB+SL,Biology-HL,History-HL,Physics-HL,SSSTS-SL
14,0.5,German_B-AB+SL,German_B-AB,Spanish_B-AB,SSSTS-SL
21,0.5,German_B-AB+SL,German_B-AB,Spanish_B-AB+SL+HL,SSSTS-SL
18,0.5,German_B-AB+SL,History-HL,Physics-HL,Spanish_B-HL,Spanish_B-SL,SSSTS-SL
12,0.5,German_B-AB+SL,English_A-HL,German_B-AB,Physics-HL,Spanish_B-HL
16,0.5,German_B-AB+SL,Spanish_B-AB,Spanish_B-SL,SSSTS-SL
10,0.5,German_B-AB+SL,German_B-AB,Physics-HL,Psychology-HL
19,0.5,German_B-AB+SL,German_B-AB,Physics-HL,Spanish_B-SL+HL,SSSTS-SL
14,0.5,German_B-AB+SL,German_B-AB,Physics-HL,Spanish_B-HL,SSSTS-SL
16,0.5,German_B-AB+SL,Geography-HL,German_B-AB,Physics-HL